resource_id,title,type,category,difficulty,link,description,reason
1,How to Create an Effective Study Timetable,Article,At-Risk,Basic,https://www.mindtools.com/pages/article/newHTE_05.htm,Learn how to plan your study schedule effectively,At-Risk students lack structured study planning skills
2,Time Management Skills for Students,Video,At-Risk,Basic,https://www.youtube.com/watch?v=iDbdXTMnOmE,Master time management as a student,At-Risk students struggle with managing study time effectively
3,How to Stay Motivated in Studies,Video,At-Risk,Basic,https://www.youtube.com/watch?v=75d_29QWELk,Tips to stay motivated and focused in your studies,At-Risk students often lose motivation and need encouragement
4,Effective Note Taking Techniques for Beginners,Article,At-Risk,Basic,https://www.mindtools.com/pages/article/newISS_01.htm,Learn basic note taking methods to improve learning,At-Risk students need foundational note taking skills
5,How to Avoid Procrastination,Article,At-Risk,Basic,https://www.skillsyouneed.com/ps/procrastination.html,Practical tips to overcome procrastination,At-Risk students frequently procrastinate on assignments
6,Basic Study Skills for University Students,Guide,At-Risk,Basic,https://www.open.ac.uk/skillsforstudying,Essential study skills for undergraduate students,At-Risk students need fundamental university study skills
7,How to Submit Assignments on Time,Guide,At-Risk,Basic,https://www.skillsyouneed.com/learn/assignment.html,Tips for completing and submitting assignments on time,At-Risk students often miss assignment deadlines
8,Understanding Your Course Materials,Article,At-Risk,Basic,https://www.ox.ac.uk/students/academic/guidance,How to engage better with course content,At-Risk students have low engagement with course materials
9,How to Seek Help from Tutors and Advisors,Guide,At-Risk,Basic,https://www.mindtools.com/pages/article/newTMC_91.htm,Guide on how to approach tutors for academic support,At-Risk students need guidance on seeking academic help
10,Concentration and Focus Techniques for Students,Article,At-Risk,Basic,https://www.skillsyouneed.com/ps/concentration.html,Techniques to improve focus during study sessions,At-Risk students struggle with maintaining concentration
11,Advanced Exam Preparation Strategies,Article,Good,Intermediate,https://www.educationcorner.com/exam-preparation-strategies.html,Strategies to prepare effectively for university exams,Good students need exam improvement to reach Excellent level
12,How to Improve Assignment Quality,Guide,Good,Intermediate,https://www.skillsyouneed.com/learn/assignment-writing.html,Tips for writing better quality academic assignments,Good students need to improve assignment quality for higher grades
13,Critical Thinking Skills for Students,Article,Good,Intermediate,https://www.mindtools.com/pages/article/newTED_06.htm,Develop critical thinking abilities for better academic results,Good students need critical thinking skills to advance further
14,Effective Revision Techniques,Article,Good,Intermediate,https://www.bbc.co.uk/bitesize/articles/znqmpg8,Best revision methods to improve exam performance,Good students need better revision strategies for higher grades
15,How to Write Better Academic Essays,Guide,Good,Intermediate,https://www.skillsyouneed.com/learn/essay-writing.html,Step by step guide to writing high quality academic essays,Good students need essay writing improvement for distinction level
16,Improving Academic Performance Strategies,Video,Good,Intermediate,https://www.youtube.com/watch?v=IlU-zDU6aQ0,How to push your academic grades higher,Good students need specific strategies to improve grades
17,How to Prepare for Oral Presentations,Guide,Good,Intermediate,https://www.mindtools.com/pages/article/newCS_88.htm,Techniques for delivering effective academic presentations,Good students need presentation skills for higher performance
18,Understanding Assessment Feedback,Article,Good,Intermediate,https://www.open.ac.uk/students/research/study-strategies,How to use tutor feedback to improve your work,Good students need to better utilize assessment feedback
19,Group Study and Collaborative Learning,Article,Good,Intermediate,https://www.edutopia.org/article/benefits-collaborative-learning,How to benefit from collaborative study sessions,Good students can improve through peer learning strategies
20,Research and Reference Skills,Guide,Good,Intermediate,https://www.skillsyouneed.com/learn/referencing.html,How to conduct research and reference sources correctly,Good students need stronger research skills for distinction
21,Academic Writing and Research Skills,Article,Excellent,Advanced,https://www.skillsyouneed.com/learn/academic-writing.html,Improve advanced academic writing for distinction level,Excellent students need advanced writing skills for publication
22,How to Achieve Distinction Level Performance,Guide,Excellent,Advanced,https://www.mindtools.com/pages/article/newISS_91.htm,Tips and strategies for achieving the highest academic grades,Excellent students need guidance to maintain distinction level
23,Peer Learning and Teaching Others,Article,Excellent,Advanced,https://www.edutopia.org/article/power-peer-learning,How teaching peers improves your own academic understanding,Excellent students benefit from peer teaching for deeper learning
24,Advanced Research Methodology,Video,Excellent,Advanced,https://www.youtube.com/watch?v=RD3TFNtNxXE,Understanding advanced research methods for academic work,Excellent students need research methodology for thesis work
25,Leadership Skills in Academic Settings,Article,Excellent,Advanced,https://www.skillsyouneed.com/lead/leadership-skills.html,Develop leadership and mentoring skills as a top student,Excellent students can take on academic leadership roles
26,How to Write a Research Paper,Guide,Excellent,Advanced,https://www.skillsyouneed.com/learn/research-methods.html,Step by step guide to writing high quality research papers,Excellent students should develop research paper writing skills
27,Advanced Critical Analysis Techniques,Article,Excellent,Advanced,https://www.mindtools.com/pages/article/criticalthinking.htm,Develop advanced analytical skills for complex academic tasks,Excellent students need advanced analysis for distinction work
28,Publishing and Academic Contribution,Guide,Excellent,Advanced,https://www.editage.com/insights/how-to-write-a-research-paper,How to contribute to academic knowledge through publishing,Excellent students should consider academic publication
29,Preparing for Postgraduate Studies,Article,Excellent,Advanced,https://www.prospects.ac.uk/postgraduate-study,Guide to preparing for postgraduate level academic work,Excellent students may pursue postgraduate opportunities
30,Developing Independent Research Skills,Guide,Excellent,Advanced,https://www.skillsyouneed.com/learn/independent-learning.html,How to develop strong independent research and learning skills,Excellent students need independent research skills for thesis
